name,city,email,website,firm
Stephen,"
            Watford           ",info@globalaccountancyservices.com,http://www.globalaccountancyservices.com,"
            Global Company Formation UK Ltd          "
Cameron,"
            Surbiton          ",mail@cameronpartnership.co.uk,https://www.qbocameronpartnership.co.uk/,"
            Cameron Partnership          "
Chong,"
            St Albans          ",kschong.faia@virginmedia.com,https://kschong.jimdofree.com/,"
            Keng Accountancy & Taxation Services          "
Davies,"
            Sheffield           ",enquiries@jbdaccountants.co.uk,https://www.jbdaccountants.co.uk/,"
            Jones Burns Davies          "
Leff,"
            Romford           ",mail@simiafarra.co.uk,https://www.simiafarra.co.uk/,"
            Simia Farra & Co          "
Lai,"
            Sheffield           ",wlai@accountanttax.co.uk,https://www.accountanttax.co.uk/,"
            William Lai & Co          "
Froggett,"
            Royston          ",info@theaccountancypractice.com,https://www.theaccountancypractice.com/,"
            The Accountancy Practice          "
Eaton,"
            Nottingham           ",info@kjeatonltd.co.uk,https://www.kjeatonltd.co.uk/,"
            K J Eaton & Co          "
McDade,"
            Preston           ",office@mcdaderoberts.co.uk,https://www.mcdaderoberts.co.uk,"
            McDade Roberts Accountants Ltd          "
Holden,"
            Ormskirk          ",info@holdenassociates.co.uk,https://holdenassociates.co.uk/,"
            Holden Associates Limited          "
Simmons,"
            Mansfield           ",aaaccountancy@talk21.com,https://www.a-a-accountancy.co.uk/,"
            AA Accountancy          "
Epstein,"
            Manchester          ",office@alexbursk.co.uk,https://www.alexanderbursk.co.uk/,"
            Alexander Bursk Limited          "
Paramithas,"
            London           ",alex@alexparamithas.co.uk,http://alexparamithas.co.uk,"
            Alex Paramithas & Co          "
Ashkenazi,"
            London          ",contact@ariashkenazi.co.uk,https://xero-accountant.co.uk/,"
            Ashkenazi & Co.          "
Shukla,"
            London          ",info@bsandmore.co.uk,http://www.bsandmore.co.uk,"
            Balancesheets & More          "
Igunnubole,"
            London          ",mosesbole@aol.com,http://www.moses-bole.com,"
            Moses-Bole & Co          "
Odu,"
            London          ",team@practicaladviceconsulting.co.uk,http://www.practicalaccountant.co.uk,"
            Practical Advice Consulting Limited          "
Hart,"
            London          ",enquiries.uk@ustaxfs.com,https://www.ustaxfs.com/,"
            US Tax & Financial Services Ltd          "
Hardoon,"
            London          ",info@hhassociates.co.uk,https://www.business-brokers.co.uk/,"
            H & H Associates          "
Porretti,"
            London          ",info@pgp-ia.com,http://pgpinternationalaccountants.com/,"
            PGP International Accountants Limited           "
Cohen,"
            London          ",info@cohen-accountants.com,https://www.cohen-accountants.com/,"
            Cohen Accountants ( Datasoft Accounting Services Ltd)          "
Yap,"
            London          ",support@mysynergybooks.com,https://mysynergybooks.com/,"
            My Synergy Limited          "
Dhir,"
            Iver Heath           ",rkdhir@durgama.co.uk,http://www.durgama.co.uk,"
            Durga & Co          "
Oguh,"
            Ilford           ",info@rochvilles.co.uk,http://www.rochvilles.co.uk,"
            Rochvilles & Co          "
Carpenter,"
            Kent          ",info@vcassociates.co.uk,https://www.vcassociates.co.uk/,"
            Venetia Carpenter & Associates          "
Murray,"
            Paisley          ",info@murrayassoc.co.uk,https://murrayassociates.co.uk/,"
            Murray Associates ZKI Limited          "
Sualihu,"
            Harlow          ",support@itlaccountants.co.uk,http://www.itlaccountants.co.uk,"
            ITL Accounting and Tax Services Ltd          "
Devereux-Cooke,"
            Halstead          ",accountant@carisbrook.co.uk?Subject=&Body=,https://www.carisbrook.co.uk/,"
            Caris Brook Ltd          "
Strange,"
            Fairlight          ",info@haescooper.com,https://www.haescooper.com/,"
            AJS & Associates           "
Yousaf,"
            Glasgow           ",INFO@YOUSAFACCOUNTANTS.CO.UK,http://www.yousafaccountants.co.uk,"
            Yousaf & Co Ltd          "
Killmister,"
            Hexham          ",info@ciaccountancy.co.uk,https://ciaccountancy.co.uk/,"
            CI Accountancy Limited          "
Ramachandran,"
            London           ",info@nexes.co.uk,http://www.nexes.co.uk,"
            Nexes Accountants & Tax Consultants          "
Miah,"
            Edgware           ",runu@runu.co.uk,http://www.runu.co.uk,"
            Runu & Co Group Ltd          "
Shah,"
            Harrow          ",umang@protivityaccountant.co.uk,https://www.protivityaccountant.co.uk/,"
            PROTIVITY          "
Shearman,"
            Cheshire          ",n.shearman@ivlions.com,http://www.ivlions.co.uk,"
            IV Lions Accountants          "
Rogers,"
            Brighton           ",info@jscollp.com,https://www.jscollp.com/,"
            JS & Co LLP          "
Graham,"
            Bridgend           ",robgraham@gai.uk.com,https://www.graham-assoc.co.uk/,"
            Graham Associates (international) Limited          "
